topic_group,primary_file,archive_candidates
01.01-系统架构与设计原理,Analysis\1-数据库系统\1.1-PostgreSQL\01-核心基础\01.01-系统架构与设计原理.md,
01.06-存储管理与数据持久化,Analysis\1-数据库系统\1.1-PostgreSQL\01-核心基础\01.06-存储管理与数据持久化.md,
02.01-查询优化器原理,Analysis\1-数据库系统\1.1-PostgreSQL\02-查询处理\02.01-查询优化器原理.md,
04.01-单机部署与配置,Analysis\1-数据库系统\1.1-PostgreSQL\04-部署运维\04.01-单机部署与配置.md,
04.03-云原生与容器化,Analysis\1-数据库系统\1.1-PostgreSQL\04-部署运维\04.03-云原生与容器化.md,
04.05-备份与恢复,Analysis\1-数据库系统\1.1-PostgreSQL\04-部署运维\04.05-备份与恢复.md,
04.06-性能调优实践,Analysis\1-数据库系统\1.1-PostgreSQL\04-部署运维\04.06-性能调优实践.md,
05.01-PostgreSQL-2025新特性,Analysis\1-数据库系统\1.1-PostgreSQL\05-前沿技术\05.01-PostgreSQL-2025新特性.md,
05.02-AI模型深度集成,Analysis\1-数据库系统\1.1-PostgreSQL\05-前沿技术\05.02-AI模型深度集成.md,
06.04-查询优化理论,Analysis\1-数据库系统\1.1-PostgreSQL\06-形式化理论\06.04-查询优化理论.md,
07.04-内容管理系统,Analysis\1-数据库系统\1.1-PostgreSQL\07-应用实践\07.04-内容管理系统.md,
08.04-最佳实践总结,Analysis\1-数据库系统\1.1-PostgreSQL\08-工具资源\08.04-最佳实践总结.md,
1.1.125-数据库数据编排模型-编排成本与资源优化的形式化,Analysis\1-数据库系统\1.1-PostgreSQL\1.1.125-数据库数据编排模型-编排成本与资源优化的形式化.md,
1.1.127-数据库数据编排模型-编排创新与前沿技术的形式化,Analysis\1-数据库系统\1.1-PostgreSQL\1.1.127-数据库数据编排模型-编排创新与前沿技术的形式化.md,
1.1.133-数据库系统生态总结-开源生态与产业发展的形式化,Analysis\1-数据库系统\1.1-PostgreSQL\1.1.133-数据库系统生态总结-开源生态与产业发展的形式化.md,
1.1.14-实时流处理与CEP-,Analysis\1-数据库系统\1.1-PostgreSQL\1.1.14-实时流处理与CEP-扩充版.md,
1.1.144-PostgreSQL-2025年新特性深度分析,Analysis\1-数据库系统\1.1-PostgreSQL\1.1.144-PostgreSQL-2025年新特性深度分析.md,Analysis\1-数据库系统\1.1-PostgreSQL\99-归档\重复内容\1.1.144-PostgreSQL-2025年新特性深度分析.md
1.1.145-PostgreSQL-2025特性-落地指南与实操,Analysis\1-数据库系统\1.1-PostgreSQL\1.1.145-PostgreSQL-2025特性-落地指南与实操.md,
1.1.146-PostgreSQL-2025-实验与基准,Analysis\1-数据库系统\1.1-PostgreSQL\1.1.146-PostgreSQL-2025-实验与基准.md,
1.1.148-PostgreSQL查询优化器国际化标准定义,Analysis\1-数据库系统\1.1-PostgreSQL\1.1.148-PostgreSQL查询优化器国际化标准定义.md,Analysis\1-数据库系统\1.1-PostgreSQL\99-归档\重复内容\1.1.148-PostgreSQL查询优化器国际化标准定义.md
1.1.149-PostgreSQL-2025全栈特性与部署方式深度分析,Analysis\1-数据库系统\1.1-PostgreSQL\1.1.149-PostgreSQL-2025全栈特性与部署方式深度分析.md,
1.1.15-云原生与容器化部署,Analysis\1-数据库系统\1.1-PostgreSQL\1.1.15-云原生与容器化部署.md,
1.1.15-云原生与容器化部署-,Analysis\1-数据库系统\1.1-PostgreSQL\1.1.15-云原生与容器化部署-扩充版.md,
1.1.16-性能调优与监控,Analysis\1-数据库系统\1.1-PostgreSQL\1.1.16-性能调优与监控.md,
1.1.16-性能调优与监控-,Analysis\1-数据库系统\1.1-PostgreSQL\1.1.16-性能调优与监控-扩充版.md,
1.1.17-安全与合规,Analysis\1-数据库系统\1.1-PostgreSQL\1.1.17-安全与合规.md,
1.1.17-安全与合规-,Analysis\1-数据库系统\1.1-PostgreSQL\1.1.17-安全与合规-扩充版.md,
1.1.19-PostgreSQL向量数据库深度集成,Analysis\1-数据库系统\1.1-PostgreSQL\1.1.19-PostgreSQL向量数据库深度集成.md,Analysis\1-数据库系统\1.1-PostgreSQL\99-归档\重复内容\1.1.19-PostgreSQL向量数据库深度集成.md | Analysis\1-数据库系统\1.1-PostgreSQL\99-归档\重复内容\1.1.19-PostgreSQL向量数据库深度集成.md
1.1.2-系统架构,Analysis\1-数据库系统\1.1-PostgreSQL\1.1.2-系统架构.md,Analysis\1-数据库系统\1.1-PostgreSQL\99-归档\重复内容\1.1.2-系统架构.md | Analysis\1-数据库系统\1.1-PostgreSQL\99-归档\重复内容\1.1.2-系统架构.md
1.1.20-PostgreSQL与AI模型深度集成架构,Analysis\1-数据库系统\1.1-PostgreSQL\1.1.20-PostgreSQL与AI模型深度集成架构.md,
1.1.21-PostgreSQL-2025最新特性全面分析,Analysis\1-数据库系统\1.1-PostgreSQL\1.1.21-PostgreSQL-2025最新特性全面分析.md,Analysis\1-数据库系统\1.1-PostgreSQL\99-归档\重复内容\1.1.21-PostgreSQL-2025最新特性全面分析.md
1.1.24-PostgreSQL-2025实验与基准,Analysis\1-数据库系统\1.1-PostgreSQL\1.1.24-PostgreSQL-2025实验与基准.md,
1.1.4-查询优化-,Analysis\1-数据库系统\1.1-PostgreSQL\1.1.4-查询优化-增强版.md,Analysis\1-数据库系统\1.1-PostgreSQL\99-归档\重复内容\1.1.4-查询优化-增强版.md | Analysis\1-数据库系统\1.1-PostgreSQL\99-归档\重复内容\1.1.4-查询优化-增强版.md
1.1.59-表分区与分区裁剪-语义与等价,Analysis\1-数据库系统\1.1-PostgreSQL\1.1.59-表分区与分区裁剪-语义与等价.md,
1.1.6-AI与PostgreSQL集成,Analysis\1-数据库系统\1.1-PostgreSQL\1.1.6-AI与PostgreSQL集成.md,Analysis\1-数据库系统\1.1-PostgreSQL\99-归档\重复内容\1.1.6-AI与PostgreSQL集成.md
1.1.7-查询优化,Analysis\1-数据库系统\1.1-PostgreSQL\1.1.7-查询优化.md,Analysis\1-数据库系统\1.1-PostgreSQL\99-归档\重复内容\1.1.7-查询优化.md
1.1.86-数据库日志压缩-增量编码与压缩率优化,Analysis\1-数据库系统\1.1-PostgreSQL\1.1.86-数据库日志压缩-增量编码与压缩率优化.md,
1.1.87-数据库分区策略-负载均衡与查询优化的权衡,Analysis\1-数据库系统\1.1-PostgreSQL\1.1.87-数据库分区策略-负载均衡与查询优化的权衡.md,
1.1.88-数据库备份与恢复-增量备份与时间点恢复的优化,Analysis\1-数据库系统\1.1-PostgreSQL\1.1.88-数据库备份与恢复-增量备份与时间点恢复的优化.md,
1.1.89-数据库监控与诊断-性能瓶颈检测与根因分析,Analysis\1-数据库系统\1.1-PostgreSQL\1.1.89-数据库监控与诊断-性能瓶颈检测与根因分析.md,
1.1.91-数据库审计与合规-完整性约束与审计轨迹的形式化,Analysis\1-数据库系统\1.1-PostgreSQL\1.1.91-数据库审计与合规-完整性约束与审计轨迹的形式化.md,
1.1.96-数据库时序数据模型-时间序列分析与预测的形式化,Analysis\1-数据库系统\1.1-PostgreSQL\1.1.96-数据库时序数据模型-时间序列分析与预测的形式化.md,
100%完成执行计划,Analysis\1-数据库系统\1.1-PostgreSQL\100%完成执行计划.md,
INDEX,Analysis\1-数据库系统\1.1-PostgreSQL\INDEX.md,Analysis\1-数据库系统\1.1-PostgreSQL\00-项目导航\INDEX.md
INDEX-入口,Analysis\1-数据库系统\1.1-PostgreSQL\00-项目导航\INDEX-入口.md,
INDEX-重构版,Analysis\1-数据库系统\1.1-PostgreSQL\INDEX-重构版.md,Analysis\1-数据库系统\1.1-PostgreSQL\00-项目导航\INDEX-重构版.md | Analysis\1-数据库系统\1.1-PostgreSQL\00-项目导航\INDEX-重构版.md
PostgreSQL内容质量分析,Analysis\1-数据库系统\1.1-PostgreSQL\PostgreSQL内容质量分析.md,
PostgreSQL内容质量分析与改进方案,Analysis\1-数据库系统\1.1-PostgreSQL\PostgreSQL内容质量分析与改进方案.md,
PostgreSQL内容质量总结报告,Analysis\1-数据库系统\1.1-PostgreSQL\PostgreSQL内容质量总结报告.md,
PostgreSQL国际化Wiki标准与知识规范对齐指南,Analysis\1-数据库系统\1.1-PostgreSQL\PostgreSQL国际化Wiki标准与知识规范对齐指南.md,
PostgreSQL改进完成报告,Analysis\1-数据库系统\1.1-PostgreSQL\PostgreSQL改进完成报告.md,
PostgreSQL改进进度报告,Analysis\1-数据库系统\1.1-PostgreSQL\PostgreSQL改进进度报告.md,
PostgreSQL质量保证机制,Analysis\1-数据库系统\1.1-PostgreSQL\PostgreSQL质量保证机制.md,
PostgreSQL重构完成报告-2025-09,Analysis\1-数据库系统\1.1-PostgreSQL\PostgreSQL重构完成报告-2025-09.md,
PostgreSQL重构实施计划,Analysis\1-数据库系统\1.1-PostgreSQL\PostgreSQL重构实施计划.md,
PostgreSQL项目全面重新梳理方案,Analysis\1-数据库系统\1.1-PostgreSQL\PostgreSQL项目全面重新梳理方案.md,
PostgreSQL项目重构完成报告,Analysis\1-数据库系统\1.1-PostgreSQL\PostgreSQL项目重构完成报告.md,
PostgreSQL项目重构完成报告-最终版,Analysis\1-数据库系统\1.1-PostgreSQL\PostgreSQL项目重构完成报告-最终版.md,
README,Analysis\1-数据库系统\1.1-PostgreSQL\README.md,Analysis\1-数据库系统\1.1-PostgreSQL\00-项目导航\README.md | Analysis\1-数据库系统\1.1-PostgreSQL\00-项目导航\README.md | Analysis\1-数据库系统\1.1-PostgreSQL\99-归档\重复内容\README.md | Analysis\1-数据库系统\1.1-PostgreSQL\bench\README.md | Analysis\1-数据库系统\1.1-PostgreSQL\bench\feature_bench\README.md | Analysis\1-数据库系统\1.1-PostgreSQL\bench\feature_bench\README.md | Analysis\1-数据库系统\1.1-PostgreSQL\cases\README.md | Analysis\1-数据库系统\1.1-PostgreSQL\runbook\README.md | Analysis\1-数据库系统\1.1-PostgreSQL\spec\README.md | Analysis\1-数据库系统\1.1-PostgreSQL\sql\README.md | Analysis\1-数据库系统\1.1-PostgreSQL\sql\feature_tests\README.md | Analysis\1-数据库系统\1.1-PostgreSQL\sql\feature_tests\README.md
README-重构版,Analysis\1-数据库系统\1.1-PostgreSQL\README-重构版.md,
Wiki术语对齐,Analysis\1-数据库系统\1.1-PostgreSQL\00-项目导航\Wiki术语对齐.md,
brin_parallel_build,Analysis\1-数据库系统\1.1-PostgreSQL\bench\feature_bench\brin_parallel_build.md,
in_clause_btree,Analysis\1-数据库系统\1.1-PostgreSQL\bench\feature_bench\in_clause_btree.md,
vacuum_memory_throughput,Analysis\1-数据库系统\1.1-PostgreSQL\bench\feature_bench\vacuum_memory_throughput.md,
占位文档补全优先级,Analysis\1-数据库系统\1.1-PostgreSQL\00-项目导航\占位文档补全优先级.md,
发布说明-本次批量完善,Analysis\1-数据库系统\1.1-PostgreSQL\发布说明-本次批量完善.md,
变更与回滚,Analysis\1-数据库系统\1.1-PostgreSQL\runbook\变更与回滚.md,
向量检索与RAG,Analysis\1-数据库系统\1.1-PostgreSQL\cases\向量检索与RAG.md,
国际化Wiki标准实施指南,Analysis\1-数据库系统\1.1-PostgreSQL\国际化Wiki标准实施指南.md,
增量备份与恢复,Analysis\1-数据库系统\1.1-PostgreSQL\runbook\增量备份与恢复.md,
学习路径指南,Analysis\1-数据库系统\1.1-PostgreSQL\00-项目导航\学习路径指南.md,
实时推荐,Analysis\1-数据库系统\1.1-PostgreSQL\cases\实时推荐.md,
对齐与升级计划,Analysis\1-数据库系统\1.1-PostgreSQL\00-项目导航\对齐与升级计划.md,
对齐追踪矩阵,Analysis\1-数据库系统\1.1-PostgreSQL\00-项目导航\对齐追踪矩阵.md,
归档计划与映射,Analysis\1-数据库系统\1.1-PostgreSQL\99-归档\归档计划与映射.md,
批判性评价总结报告,Analysis\1-数据库系统\1.1-PostgreSQL\批判性评价总结报告.md,
改进实施指南-批判性评价版,Analysis\1-数据库系统\1.1-PostgreSQL\改进实施指南-批判性评价版.md,
改进进度跟踪,Analysis\1-数据库系统\1.1-PostgreSQL\改进进度跟踪.md,
故障切换与订阅重建,Analysis\1-数据库系统\1.1-PostgreSQL\runbook\故障切换与订阅重建.md,
时序监控,Analysis\1-数据库系统\1.1-PostgreSQL\cases\时序监控.md,
查询重写与代价边界-规范纲要,Analysis\1-数据库系统\1.1-PostgreSQL\spec\查询重写与代价边界-规范纲要.md,
监控与可观测,Analysis\1-数据库系统\1.1-PostgreSQL\runbook\监控与可观测.md,
规范-命名与分组,Analysis\1-数据库系统\1.1-PostgreSQL\00-项目导航\规范-命名与分组.md,
课程对齐映射,Analysis\1-数据库系统\1.1-PostgreSQL\00-项目导航\课程对齐映射.md,
贡献指南,Analysis\1-数据库系统\1.1-PostgreSQL\00-项目导航\贡献指南.md,
重构方案设计,Analysis\1-数据库系统\1.1-PostgreSQL\重构方案设计.md,
金融账务一致性,Analysis\1-数据库系统\1.1-PostgreSQL\cases\金融账务一致性.md,
隔离级别与异常谱-规范纲要,Analysis\1-数据库系统\1.1-PostgreSQL\spec\隔离级别与异常谱-规范纲要.md,
项目总结-100%完成,Analysis\1-数据库系统\1.1-PostgreSQL\项目总结-100%完成.md,
